-- phpMyAdmin SQL Dump
-- version 5.1.1
-- https://www.phpmyadmin.net/
--
-- Host: 127.0.0.1
-- Generation Time: Jul 04, 2022 at 11:36 AM
-- Server version: 10.4.21-MariaDB
-- PHP Version: 7.4.23

SET SQL_MODE = "NO_AUTO_VALUE_ON_ZERO";
START TRANSACTION;
SET time_zone = "+00:00";


/*!40101 SET @OLD_CHARACTER_SET_CLIENT=@@CHARACTER_SET_CLIENT */;
/*!40101 SET @OLD_CHARACTER_SET_RESULTS=@@CHARACTER_SET_RESULTS */;
/*!40101 SET @OLD_COLLATION_CONNECTION=@@COLLATION_CONNECTION */;
/*!40101 SET NAMES utf8mb4 */;

--
-- Database: `pustaka`
--

-- --------------------------------------------------------

--
-- Table structure for table `booking`
--

CREATE TABLE `booking` (
  `id_booking` varchar(12) CHARACTER SET latin1 NOT NULL,
  `tgl_booking` date NOT NULL,
  `batas_ambil` date NOT NULL,
  `id_user` int(11) NOT NULL
) ENGINE=InnoDB DEFAULT CHARSET=utf8mb4;

-- --------------------------------------------------------

--
-- Table structure for table `booking_detail`
--

CREATE TABLE `booking_detail` (
  `id` int(11) NOT NULL,
  `id_booking` varchar(12) CHARACTER SET latin1 NOT NULL,
  `id_buku` int(11) NOT NULL
) ENGINE=InnoDB DEFAULT CHARSET=utf8mb4;

-- --------------------------------------------------------

--
-- Table structure for table `buku`
--

CREATE TABLE `buku` (
  `id` int(11) NOT NULL,
  `judul_buku` varchar(128) CHARACTER SET latin1 NOT NULL,
  `id_kategori` int(11) NOT NULL,
  `pengarang` varchar(64) CHARACTER SET latin1 NOT NULL,
  `penerbit` varchar(64) CHARACTER SET latin1 NOT NULL,
  `tahun_terbit` year(4) NOT NULL,
  `isbn` varchar(64) CHARACTER SET latin1 NOT NULL,
  `stok` int(11) NOT NULL,
  `dipinjam` int(11) NOT NULL,
  `dibooking` int(11) NOT NULL,
  `img` varchar(256) CHARACTER SET latin1 NOT NULL DEFAULT 'book-default-cover.jpg'
) ENGINE=InnoDB DEFAULT CHARSET=utf8mb4;

--
-- Dumping data for table `buku`
--

INSERT INTO `buku` (`id`, `judul_buku`, `id_kategori`, `pengarang`, `penerbit`, `tahun_terbit`, `isbn`, `stok`, `dipinjam`, `dibooking`, `img`) VALUES
(1, 'Statistika dengan Program Komputer', 1, 'Ahmad Kholiqul Amin', 'Deep Publish', 2014, '9786022809432', 3, 1, 4, 'img1557402455.jpg'),
(2, 'Mudah Belajar Komputer untuk Anak', 1, 'Bambang Agus Setiawan', 'Huta Media', 2014, '9786025118500', 3, 3, 3, 'img1557402397.jpg'),
(5, 'PHP Komplet', 1, 'Jubilee', 'Elex Media Komputindo', 2017, '8246753547', 6, 2, 5, 'img1555522493.jpg'),
(10, 'Detektif Conan Ep 200', 9, 'Okigawa Sasuke', 'Cultura', 2016, '874387583987', 7, -1, 4, 'img1557401465.jpg'),
(14, 'Bahasa Indonesia', 2, 'Umri Nur\'aini dan Indriyani', 'Pusat Perbukuan', 2015, '757254724884', 3, 0, 0, 'img1557402703.jpg'),
(15, 'Komunitas Lintas Budaya', 5, 'Dr. Dedy Kurnia', 'Publisher', 2015, '878674646488', 3, 1, 1, 'img1557403156.jpg'),
(16, 'Kolaborasi Codeigniter dan Ajax dalam Perancangan', 1, 'Anton Subagia', 'Elex Media Komputindo', 2017, '43345356577', 4, 0, 1, 'img1557403502.jpg'),
(17, 'From Hobby to Money', 4, 'Deasylawati', 'Elex Media Komputindo', 2015, '87968686787879', 3, 1, 1, 'img1557403658.jpg'),
(18, 'Buku Saku Pramuka', 8, 'Rudi Himawan', 'Pusat Perbukuan', 2016, '978686877978796', 5, 0, 1, 'img1557404613.jpg'),
(19, 'Rahasia Keajaiban Bumi', 3, 'Nurul Ihsan', 'Luxima', 2014, '565756565768868', 4, 0, 1, 'img1557404689.jpg');

-- --------------------------------------------------------

--
-- Table structure for table `detail_pinjam`
--

CREATE TABLE `detail_pinjam` (
  `no_pinjam` varchar(12) NOT NULL,
  `id_buku` int(11) NOT NULL,
  `denda` int(11) NOT NULL
) ENGINE=InnoDB DEFAULT CHARSET=utf8mb4;

--
-- Dumping data for table `detail_pinjam`
--

INSERT INTO `detail_pinjam` (`no_pinjam`, `id_buku`, `denda`) VALUES
('19042022001', 10, 5000),
('19042022001', 5, 5000),
('19042022002', 17, 5000),
('19042022002', 15, 5000);

-- --------------------------------------------------------

--
-- Table structure for table `kategori`
--

CREATE TABLE `kategori` (
  `id` int(11) NOT NULL,
  `kategori` varchar(45) CHARACTER SET latin1 NOT NULL
) ENGINE=InnoDB DEFAULT CHARSET=utf8mb4;

--
-- Dumping data for table `kategori`
--

INSERT INTO `kategori` (`id`, `kategori`) VALUES
(1, 'Komputer'),
(2, 'Bahasa'),
(3, 'Sains'),
(4, 'Hobby'),
(5, 'Komunikasi'),
(6, 'Hukum'),
(7, 'Agama'),
(8, 'Populer'),
(9, 'Komik'),
(10, 'Dewasa'),
(11, 'Kids');

-- --------------------------------------------------------

--
-- Table structure for table `pinjam`
--

CREATE TABLE `pinjam` (
  `no_pinjam` varchar(12) NOT NULL,
  `tgl_pinjam` date NOT NULL,
  `id_booking` varchar(12) NOT NULL,
  `id_user` int(11) NOT NULL,
  `tgl_kembali` date NOT NULL,
  `tgl_pengembalian` date NOT NULL,
  `status` enum('pinjam','kembali','','') NOT NULL DEFAULT 'pinjam',
  `total_denda` int(11) NOT NULL
) ENGINE=InnoDB DEFAULT CHARSET=utf8mb4;

--
-- Dumping data for table `pinjam`
--

INSERT INTO `pinjam` (`no_pinjam`, `tgl_pinjam`, `id_booking`, `id_user`, `tgl_kembali`, `tgl_pengembalian`, `status`, `total_denda`) VALUES
('19042022001', '2022-04-19', '18042022001', 6, '2022-04-22', '2022-04-19', 'kembali', 0),
('19042022002', '2022-04-19', '19042022001', 10, '2022-04-22', '0000-00-00', 'pinjam', 0);

-- --------------------------------------------------------

--
-- Table structure for table `role`
--

CREATE TABLE `role` (
  `id` int(11) NOT NULL,
  `role` varchar(128) CHARACTER SET latin1 NOT NULL
) ENGINE=InnoDB DEFAULT CHARSET=utf8mb4;

--
-- Dumping data for table `role`
--

INSERT INTO `role` (`id`, `role`) VALUES
(1, 'administrator'),
(2, 'member');

-- --------------------------------------------------------

--
-- Table structure for table `temp`
--

CREATE TABLE `temp` (
  `id` int(11) NOT NULL,
  `tgl_booking` datetime DEFAULT NULL,
  `id_user` varchar(12) CHARACTER SET latin1 NOT NULL,
  `email_user` varchar(128) CHARACTER SET latin1 DEFAULT NULL,
  `id_buku` int(11) DEFAULT NULL,
  `judul_buku` varchar(255) NOT NULL,
  `image` varchar(255) NOT NULL,
  `penulis` varchar(128) NOT NULL,
  `penerbit` varchar(128) NOT NULL,
  `tahun_terbit` year(4) NOT NULL
) ENGINE=InnoDB DEFAULT CHARSET=utf8mb4;

-- --------------------------------------------------------

--
-- Table structure for table `user`
--

CREATE TABLE `user` (
  `id` int(11) NOT NULL,
  `nama` varchar(128) CHARACTER SET latin1 NOT NULL,
  `alamat` text CHARACTER SET latin1 NOT NULL,
  `email` varchar(128) CHARACTER SET latin1 NOT NULL,
  `image` varchar(128) CHARACTER SET latin1 NOT NULL,
  `password` varchar(256) CHARACTER SET latin1 NOT NULL,
  `role_id` int(11) NOT NULL,
  `is_active` int(1) NOT NULL,
  `tanggal_input` int(11) NOT NULL
) ENGINE=InnoDB DEFAULT CHARSET=utf8mb4;

--
-- Dumping data for table `user`
--

INSERT INTO `user` (`id`, `nama`, `alamat`, `email`, `image`, `password`, `role_id`, `is_active`, `tanggal_input`) VALUES
(3, 'Dwi Firmanto, S.Kom.', '', 'dwifirmanto201@gmail.com', 'pro1647993225.PNG', '$2y$10$SpC.apSqUHkm3BZtvfULA.Nkn9eejIYduccyMh56C5hHDtN0aI19u', 1, 1, 1638656096),
(6, 'Pangpang', 'Bekasi', 'pangpang1@gmail.com', 'pro1648432690.jpg', '$2y$10$sT4eb02buWrtrKDCRpHQhePCcFHBNjxKATVR803NP0WaIFbZummdi', 2, 1, 1648426626),
(10, 'Pingping2', 'Bekasi', 'pingping2@gmail.com', 'pro1648438264.jpg', '$2y$10$F8NsifVWDsAKgPcRD7s0r.wroKkwZfs/v7CiUiJCf3k3qUcoKtxbS', 2, 1, 1648438173),
(11, 'rahanwi', 'Bekasi', 'rahanwi@gmai.com', 'default.jpg', '$2y$10$dzQFiMuvagA.OfAaOH7lGeY5r0VDo33LKAQ2YlCuwMnoAu5lDpwWK', 2, 1, 1648650111);

--
-- Indexes for dumped tables
--

--
-- Indexes for table `booking`
--
ALTER TABLE `booking`
  ADD PRIMARY KEY (`id_booking`);

--
-- Indexes for table `booking_detail`
--
ALTER TABLE `booking_detail`
  ADD PRIMARY KEY (`id`);

--
-- Indexes for table `buku`
--
ALTER TABLE `buku`
  ADD PRIMARY KEY (`id`);

--
-- Indexes for table `kategori`
--
ALTER TABLE `kategori`
  ADD PRIMARY KEY (`id`);

--
-- Indexes for table `pinjam`
--
ALTER TABLE `pinjam`
  ADD PRIMARY KEY (`no_pinjam`);

--
-- Indexes for table `role`
--
ALTER TABLE `role`
  ADD PRIMARY KEY (`id`);

--
-- Indexes for table `temp`
--
ALTER TABLE `temp`
  ADD PRIMARY KEY (`id`);

--
-- Indexes for table `user`
--
ALTER TABLE `user`
  ADD PRIMARY KEY (`id`),
  ADD KEY `role_id` (`role_id`);

--
-- AUTO_INCREMENT for dumped tables
--

--
-- AUTO_INCREMENT for table `booking_detail`
--
ALTER TABLE `booking_detail`
  MODIFY `id` int(11) NOT NULL AUTO_INCREMENT, AUTO_INCREMENT=29;

--
-- AUTO_INCREMENT for table `buku`
--
ALTER TABLE `buku`
  MODIFY `id` int(11) NOT NULL AUTO_INCREMENT, AUTO_INCREMENT=20;

--
-- AUTO_INCREMENT for table `kategori`
--
ALTER TABLE `kategori`
  MODIFY `id` int(11) NOT NULL AUTO_INCREMENT, AUTO_INCREMENT=12;

--
-- AUTO_INCREMENT for table `role`
--
ALTER TABLE `role`
  MODIFY `id` int(11) NOT NULL AUTO_INCREMENT, AUTO_INCREMENT=3;

--
-- AUTO_INCREMENT for table `temp`
--
ALTER TABLE `temp`
  MODIFY `id` int(11) NOT NULL AUTO_INCREMENT;

--
-- AUTO_INCREMENT for table `user`
--
ALTER TABLE `user`
  MODIFY `id` int(11) NOT NULL AUTO_INCREMENT, AUTO_INCREMENT=12;

--
-- Constraints for dumped tables
--

--
-- Constraints for table `user`
--
ALTER TABLE `user`
  ADD CONSTRAINT `user_ibfk_1` FOREIGN KEY (`role_id`) REFERENCES `role` (`id`);
COMMIT;

/*!40101 SET CHARACTER_SET_CLIENT=@OLD_CHARACTER_SET_CLIENT */;
/*!40101 SET CHARACTER_SET_RESULTS=@OLD_CHARACTER_SET_RESULTS */;
/*!40101 SET COLLATION_CONNECTION=@OLD_COLLATION_CONNECTION */;
